-- MySQL Script generated by MySQL Workbench
-- 06/09/16 03:49:21
-- Model: New Model    Version: 1.0
-- MySQL Workbench Forward Engineering

SET @OLD_UNIQUE_CHECKS=@@UNIQUE_CHECKS, UNIQUE_CHECKS=0;
SET @OLD_FOREIGN_KEY_CHECKS=@@FOREIGN_KEY_CHECKS, FOREIGN_KEY_CHECKS=0;
SET @OLD_SQL_MODE=@@SQL_MODE, SQL_MODE='TRADITIONAL,ALLOW_INVALID_DATES';

-- -----------------------------------------------------
-- Schema mydb
-- -----------------------------------------------------
DROP SCHEMA IF EXISTS `mydb` ;

-- -----------------------------------------------------
-- Schema mydb
-- -----------------------------------------------------
CREATE SCHEMA IF NOT EXISTS `mydb` DEFAULT CHARACTER SET utf8 ;
USE `mydb` ;

-- -----------------------------------------------------
-- Table `mydb`.`Zespoly`
-- -----------------------------------------------------
CREATE TABLE IF NOT EXISTS `mydb`.`Zespoly` (
  `id_zespolu` INT NOT NULL AUTO_INCREMENT,
  `nazwa` VARCHAR(45) NULL,
  `rok_zalozenia` INT NULL,
  `pochodzenie` VARCHAR(45) NULL,
  PRIMARY KEY (`id_zespolu`))
ENGINE = InnoDB;


-- -----------------------------------------------------
-- Table `mydb`.`Artysci`
-- -----------------------------------------------------
CREATE TABLE IF NOT EXISTS `mydb`.`Artysci` (
  `id_artysty` INT NOT NULL AUTO_INCREMENT,
  `imie` VARCHAR(45) NULL,
  `nazwisko` VARCHAR(45) NULL,
  `pseudonim` VARCHAR(45) NULL,
  `narodowosc` VARCHAR(45) NULL,
  PRIMARY KEY (`id_artysty`))
ENGINE = InnoDB;


-- -----------------------------------------------------
-- Table `mydb`.`Piosenki`
-- -----------------------------------------------------
CREATE TABLE IF NOT EXISTS `mydb`.`Piosenki` (
  `id_piosenki` INT NOT NULL AUTO_INCREMENT,
  `tytul` VARCHAR(45) NULL,
  `dlugosc` VARCHAR(8) NULL,
  `id_zespolu` INT NULL,
  `id_artysty` INT NULL,
  PRIMARY KEY (`id_piosenki`),
  INDEX `fk_Piosenki_Zespoły1_idx` (`id_zespolu` ASC),
  INDEX `fk_Piosenki_Artyści1_idx` (`id_artysty` ASC),
  CONSTRAINT `fk_Piosenki_Zespoły1`
    FOREIGN KEY (`id_zespolu`)
    REFERENCES `mydb`.`Zespoly` (`id_zespolu`)
    ON DELETE SET NULL
    ON UPDATE CASCADE,
  CONSTRAINT `fk_Piosenki_Artyści1`
    FOREIGN KEY (`id_artysty`)
    REFERENCES `mydb`.`Artysci` (`id_artysty`)
    ON DELETE SET NULL
    ON UPDATE CASCADE)
ENGINE = InnoDB
DEFAULT CHARACTER SET = big5;


-- -----------------------------------------------------
-- Table `mydb`.`Wydawcy`
-- -----------------------------------------------------
CREATE TABLE IF NOT EXISTS `mydb`.`Wydawcy` (
  `id_wydawcy` INT NOT NULL AUTO_INCREMENT,
  `nazwa` VARCHAR(45) NULL,
  PRIMARY KEY (`id_wydawcy`))
ENGINE = InnoDB;


-- -----------------------------------------------------
-- Table `mydb`.`Albumy`
-- -----------------------------------------------------
CREATE TABLE IF NOT EXISTS `mydb`.`Albumy` (
  `id_albumu` INT NOT NULL AUTO_INCREMENT,
  `nazwa` VARCHAR(45) NULL,
  `rok_wydania` INT NULL,
  `id_wydawcy` INT NULL,
  `cena` DOUBLE NULL,
  `ilosc_na_stanie` INT NULL,
  `ilosc_sprzedanych` INT NULL,
  `kod_kreskowy` VARCHAR(15) NULL,
  PRIMARY KEY (`id_albumu`),
  INDEX `fk_Albumy_Wydawcy1_idx` (`id_wydawcy` ASC),
  CONSTRAINT `fk_Albumy_Wydawcy1`
    FOREIGN KEY (`id_wydawcy`)
    REFERENCES `mydb`.`Wydawcy` (`id_wydawcy`)
    ON DELETE SET NULL
    ON UPDATE CASCADE)
ENGINE = InnoDB;


-- -----------------------------------------------------
-- Table `mydb`.`Piosenki_w_Albumach`
-- -----------------------------------------------------
CREATE TABLE IF NOT EXISTS `mydb`.`Piosenki_w_Albumach` (
  `id_albumu` INT NOT NULL,
  `id_piosenki` INT NOT NULL,
  `numer_sciezki` INT NULL,
  PRIMARY KEY (`id_albumu`, `id_piosenki`),
  INDEX `fk_Albumy_has_Piosenki_Piosenki1_idx` (`id_piosenki` ASC),
  INDEX `fk_Albumy_has_Piosenki_Albumy1_idx` (`id_albumu` ASC),
  CONSTRAINT `fk_Albumy_has_Piosenki_Albumy1`
    FOREIGN KEY (`id_albumu`)
    REFERENCES `mydb`.`Albumy` (`id_albumu`)
    ON DELETE CASCADE
    ON UPDATE CASCADE,
  CONSTRAINT `fk_Albumy_has_Piosenki_Piosenki1`
    FOREIGN KEY (`id_piosenki`)
    REFERENCES `mydb`.`Piosenki` (`id_piosenki`)
    ON DELETE CASCADE
    ON UPDATE CASCADE)
ENGINE = InnoDB;


-- -----------------------------------------------------
-- Table `mydb`.`Gatunki`
-- -----------------------------------------------------
CREATE TABLE IF NOT EXISTS `mydb`.`Gatunki` (
  `nazwa` VARCHAR(45) NOT NULL,
  PRIMARY KEY (`nazwa`))
ENGINE = InnoDB;


-- -----------------------------------------------------
-- Table `mydb`.`Gatunki_Albumow`
-- -----------------------------------------------------
CREATE TABLE IF NOT EXISTS `mydb`.`Gatunki_Albumow` (
  `nazwa_gatunku` VARCHAR(45) NOT NULL,
  `id_albumu` INT NOT NULL,
  PRIMARY KEY (`nazwa_gatunku`, `id_albumu`),
  INDEX `fk_Gatunki_has_Albumy_Albumy1_idx` (`id_albumu` ASC),
  INDEX `fk_Gatunki_has_Albumy_Gatunki1_idx` (`nazwa_gatunku` ASC),
  CONSTRAINT `fk_Gatunki_has_Albumy_Gatunki1`
    FOREIGN KEY (`nazwa_gatunku`)
    REFERENCES `mydb`.`Gatunki` (`nazwa`)
    ON DELETE CASCADE
    ON UPDATE CASCADE,
  CONSTRAINT `fk_Gatunki_has_Albumy_Albumy1`
    FOREIGN KEY (`id_albumu`)
    REFERENCES `mydb`.`Albumy` (`id_albumu`)
    ON DELETE CASCADE
    ON UPDATE CASCADE)
ENGINE = InnoDB;


-- -----------------------------------------------------
-- Table `mydb`.`Artysci_w_Zespolach`
-- -----------------------------------------------------
CREATE TABLE IF NOT EXISTS `mydb`.`Artysci_w_Zespolach` (
  `id_zespolu` INT NOT NULL,
  `id_artysty` INT NOT NULL,
  PRIMARY KEY (`id_zespolu`, `id_artysty`),
  INDEX `fk_Zespoły_has_Artyści_Artyści1_idx` (`id_artysty` ASC),
  INDEX `fk_Zespoły_has_Artyści_Zespoły1_idx` (`id_zespolu` ASC),
  CONSTRAINT `fk_Zespoły_has_Artyści_Zespoły1`
    FOREIGN KEY (`id_zespolu`)
    REFERENCES `mydb`.`Zespoly` (`id_zespolu`)
    ON DELETE CASCADE
    ON UPDATE CASCADE,
  CONSTRAINT `fk_Zespoły_has_Artyści_Artyści1`
    FOREIGN KEY (`id_artysty`)
    REFERENCES `mydb`.`Artysci` (`id_artysty`)
    ON DELETE CASCADE
    ON UPDATE CASCADE)
ENGINE = InnoDB;


-- -----------------------------------------------------
-- Table `mydb`.`Zespoly_w_Albumach`
-- -----------------------------------------------------
CREATE TABLE IF NOT EXISTS `mydb`.`Zespoly_w_Albumach` (
  `id_zespolu` INT NOT NULL,
  `id_albumu` INT NOT NULL,
  PRIMARY KEY (`id_zespolu`, `id_albumu`),
  INDEX `fk_Zespoły_has_Albumy_Albumy1_idx` (`id_albumu` ASC),
  INDEX `fk_Zespoły_has_Albumy_Zespoły1_idx` (`id_zespolu` ASC),
  CONSTRAINT `fk_Zespoły_has_Albumy_Zespoły1`
    FOREIGN KEY (`id_zespolu`)
    REFERENCES `mydb`.`Zespoly` (`id_zespolu`)
    ON DELETE CASCADE
    ON UPDATE CASCADE,
  CONSTRAINT `fk_Zespoły_has_Albumy_Albumy1`
    FOREIGN KEY (`id_albumu`)
    REFERENCES `mydb`.`Albumy` (`id_albumu`)
    ON DELETE CASCADE
    ON UPDATE CASCADE)
ENGINE = InnoDB;


-- -----------------------------------------------------
-- Table `mydb`.`Artysci_w_Albumach`
-- -----------------------------------------------------
CREATE TABLE IF NOT EXISTS `mydb`.`Artysci_w_Albumach` (
  `id_artysty` INT NOT NULL,
  `id_albumu` INT NOT NULL,
  PRIMARY KEY (`id_artysty`, `id_albumu`),
  INDEX `fk_Artyści_has_Albumy_Albumy1_idx` (`id_albumu` ASC),
  INDEX `fk_Artyści_has_Albumy_Artyści1_idx` (`id_artysty` ASC),
  CONSTRAINT `fk_Artyści_has_Albumy_Artyści1`
    FOREIGN KEY (`id_artysty`)
    REFERENCES `mydb`.`Artysci` (`id_artysty`)
    ON DELETE CASCADE
    ON UPDATE CASCADE,
  CONSTRAINT `fk_Artyści_has_Albumy_Albumy1`
    FOREIGN KEY (`id_albumu`)
    REFERENCES `mydb`.`Albumy` (`id_albumu`)
    ON DELETE CASCADE
    ON UPDATE CASCADE)
ENGINE = InnoDB;


-- -----------------------------------------------------
-- Table `mydb`.`Uzytkownicy`
-- -----------------------------------------------------
CREATE TABLE IF NOT EXISTS `mydb`.`Uzytkownicy` (
  `nazwa` VARCHAR(45) NOT NULL,
  `haslo` VARCHAR(45) NOT NULL,
  PRIMARY KEY (`nazwa`))
ENGINE = InnoDB;


-- -----------------------------------------------------
-- Table `mydb`.`Lokalizacje`
-- -----------------------------------------------------
CREATE TABLE IF NOT EXISTS `mydb`.`Lokalizacje` (
  `id_lokalizacji` INT NOT NULL AUTO_INCREMENT,
  `nazwa_dzialu` VARCHAR(45) NULL,
  `symbol_polki` VARCHAR(3) NULL,
  PRIMARY KEY (`id_lokalizacji`))
ENGINE = InnoDB;


-- -----------------------------------------------------
-- Table `mydb`.`Lokalizacje_Albumow`
-- -----------------------------------------------------
CREATE TABLE IF NOT EXISTS `mydb`.`Lokalizacje_Albumow` (
  `Lokalizacje_id_lokalizacji` INT NOT NULL,
  `Albumy_id_albumu` INT NOT NULL,
  PRIMARY KEY (`Lokalizacje_id_lokalizacji`, `Albumy_id_albumu`),
  INDEX `fk_Lokalizacje_has_Albumy_Albumy1_idx` (`Albumy_id_albumu` ASC),
  INDEX `fk_Lokalizacje_has_Albumy_Lokalizacje1_idx` (`Lokalizacje_id_lokalizacji` ASC),
  CONSTRAINT `fk_Lokalizacje_has_Albumy_Lokalizacje1`
    FOREIGN KEY (`Lokalizacje_id_lokalizacji`)
    REFERENCES `mydb`.`Lokalizacje` (`id_lokalizacji`)
    ON DELETE CASCADE
    ON UPDATE CASCADE,
  CONSTRAINT `fk_Lokalizacje_has_Albumy_Albumy1`
    FOREIGN KEY (`Albumy_id_albumu`)
    REFERENCES `mydb`.`Albumy` (`id_albumu`)
    ON DELETE CASCADE
    ON UPDATE CASCADE)
ENGINE = InnoDB;


SET SQL_MODE=@OLD_SQL_MODE;
SET FOREIGN_KEY_CHECKS=@OLD_FOREIGN_KEY_CHECKS;
SET UNIQUE_CHECKS=@OLD_UNIQUE_CHECKS;

-- -----------------------------------------------------
-- Data for table `mydb`.`Zespoly`
-- -----------------------------------------------------
START TRANSACTION;
USE `mydb`;
INSERT INTO `mydb`.`Zespoly` (`id_zespolu`, `nazwa`, `rok_zalozenia`, `pochodzenie`) VALUES (1, 'Green Day', 1987, 'USA');
INSERT INTO `mydb`.`Zespoly` (`id_zespolu`, `nazwa`, `rok_zalozenia`, `pochodzenie`) VALUES (2, 'Rise Against', 1999, 'USA');
INSERT INTO `mydb`.`Zespoly` (`id_zespolu`, `nazwa`, `rok_zalozenia`, `pochodzenie`) VALUES (3, 'Trzeci wymiar', 1998, 'Polska');
INSERT INTO `mydb`.`Zespoly` (`id_zespolu`, `nazwa`, `rok_zalozenia`, `pochodzenie`) VALUES (4, 'G-Unit', 2002, 'USA');
INSERT INTO `mydb`.`Zespoly` (`id_zespolu`, `nazwa`, `rok_zalozenia`, `pochodzenie`) VALUES (5, 'Gang Starr', 1988, 'USA');
INSERT INTO `mydb`.`Zespoly` (`id_zespolu`, `nazwa`, `rok_zalozenia`, `pochodzenie`) VALUES (6, 'Verba', 2003, 'Polska');
INSERT INTO `mydb`.`Zespoly` (`id_zespolu`, `nazwa`, `rok_zalozenia`, `pochodzenie`) VALUES (7, 'Boys', 1991, 'Polska');
INSERT INTO `mydb`.`Zespoly` (`id_zespolu`, `nazwa`, `rok_zalozenia`, `pochodzenie`) VALUES (8, 'Perfect', 1977, 'Polska');
INSERT INTO `mydb`.`Zespoly` (`id_zespolu`, `nazwa`, `rok_zalozenia`, `pochodzenie`) VALUES (9, 'Blue Cafe', 1998, 'Polska');
INSERT INTO `mydb`.`Zespoly` (`id_zespolu`, `nazwa`, `rok_zalozenia`, `pochodzenie`) VALUES (10, 'Letni Chamski Podryw', 2009, 'Polska');

COMMIT;


-- -----------------------------------------------------
-- Data for table `mydb`.`Artysci`
-- -----------------------------------------------------
START TRANSACTION;
USE `mydb`;
INSERT INTO `mydb`.`Artysci` (`id_artysty`, `imie`, `nazwisko`, `pseudonim`, `narodowosc`) VALUES (1, 'Barłomiej', 'Kielar', 'Bartas', 'Polska');
INSERT INTO `mydb`.`Artysci` (`id_artysty`, `imie`, `nazwisko`, `pseudonim`, `narodowosc`) VALUES (2, 'Przemysław', 'Malita', 'Malit', 'Polska');
INSERT INTO `mydb`.`Artysci` (`id_artysty`, `imie`, `nazwisko`, `pseudonim`, `narodowosc`) VALUES (3, 'Maciej', 'Piotrowski', 'Canton', 'Polska');
INSERT INTO `mydb`.`Artysci` (`id_artysty`, `imie`, `nazwisko`, `pseudonim`, `narodowosc`) VALUES (4, 'Dawid', 'Antonkiewicz', 'Anton', 'Polska');
INSERT INTO `mydb`.`Artysci` (`id_artysty`, `imie`, `nazwisko`, `pseudonim`, `narodowosc`) VALUES (5, 'Curtis', 'Jackson', '50 cent', 'USA');
INSERT INTO `mydb`.`Artysci` (`id_artysty`, `imie`, `nazwisko`, `pseudonim`, `narodowosc`) VALUES (6, 'Christopher', 'Lloyd', 'Lloyd Banks', 'USA');
INSERT INTO `mydb`.`Artysci` (`id_artysty`, `imie`, `nazwisko`, `pseudonim`, `narodowosc`) VALUES (7, 'Keith Edward', 'Elam', 'Guru', 'USA');
INSERT INTO `mydb`.`Artysci` (`id_artysty`, `imie`, `nazwisko`, `pseudonim`, `narodowosc`) VALUES (8, 'Christopher Edward', 'Martin', 'DJ Premier', 'USA');
INSERT INTO `mydb`.`Artysci` (`id_artysty`, `imie`, `nazwisko`, `pseudonim`, `narodowosc`) VALUES (9, 'Grzegorz Bogusław', 'Markowski', '', 'Polska');
INSERT INTO `mydb`.`Artysci` (`id_artysty`, `imie`, `nazwisko`, `pseudonim`, `narodowosc`) VALUES (10, 'Dariusz', 'Kozakiewicz', '', 'Polska');
INSERT INTO `mydb`.`Artysci` (`id_artysty`, `imie`, `nazwisko`, `pseudonim`, `narodowosc`) VALUES (11, 'Billie Joe', 'Armstrong', '', 'USA');
INSERT INTO `mydb`.`Artysci` (`id_artysty`, `imie`, `nazwisko`, `pseudonim`, `narodowosc`) VALUES (12, 'Michael Ryan', 'Pritchard', 'Mike Dirnt', 'USA');
INSERT INTO `mydb`.`Artysci` (`id_artysty`, `imie`, `nazwisko`, `pseudonim`, `narodowosc`) VALUES (13, 'Tim', 'McIlrath', '', 'USA');
INSERT INTO `mydb`.`Artysci` (`id_artysty`, `imie`, `nazwisko`, `pseudonim`, `narodowosc`) VALUES (14, 'Zachariah Joaquin', 'Blair', '', 'USA');
INSERT INTO `mydb`.`Artysci` (`id_artysty`, `imie`, `nazwisko`, `pseudonim`, `narodowosc`) VALUES (15, 'Patrycjusz', 'Kochanowski', 'Nullo', 'Polska');
INSERT INTO `mydb`.`Artysci` (`id_artysty`, `imie`, `nazwisko`, `pseudonim`, `narodowosc`) VALUES (16, 'Michał', 'Baryła', 'Szad', 'Polska');
INSERT INTO `mydb`.`Artysci` (`id_artysty`, `imie`, `nazwisko`, `pseudonim`, `narodowosc`) VALUES (17, 'Krzysztof', 'Borkusz', 'Pork', 'Polska');
INSERT INTO `mydb`.`Artysci` (`id_artysty`, `imie`, `nazwisko`, `pseudonim`, `narodowosc`) VALUES (18, 'Marcin', 'Miller', '', 'Polska');
INSERT INTO `mydb`.`Artysci` (`id_artysty`, `imie`, `nazwisko`, `pseudonim`, `narodowosc`) VALUES (19, 'Krzysztof', 'Cieciuch', '', 'Polska');
INSERT INTO `mydb`.`Artysci` (`id_artysty`, `imie`, `nazwisko`, `pseudonim`, `narodowosc`) VALUES (20, 'Dominika', 'Gawęda', '', 'Polska');
INSERT INTO `mydb`.`Artysci` (`id_artysty`, `imie`, `nazwisko`, `pseudonim`, `narodowosc`) VALUES (21, 'Tatiana', 'Okupnik', '', 'Polska');

COMMIT;


-- -----------------------------------------------------
-- Data for table `mydb`.`Piosenki`
-- -----------------------------------------------------
START TRANSACTION;
USE `mydb`;
INSERT INTO `mydb`.`Piosenki` (`id_piosenki`, `tytul`, `dlugosc`, `id_zespolu`, `id_artysty`) VALUES (1, 'Alive and Well', '00:02:06', 2, NULL);
INSERT INTO `mydb`.`Piosenki` (`id_piosenki`, `tytul`, `dlugosc`, `id_zespolu`, `id_artysty`) VALUES (2, 'My Life Inside Your Heart', '00:03:02', 2, NULL);
INSERT INTO `mydb`.`Piosenki` (`id_piosenki`, `tytul`, `dlugosc`, `id_zespolu`, `id_artysty`) VALUES (3, 'Great Awakening', '00:01:35', 2, NULL);
INSERT INTO `mydb`.`Piosenki` (`id_piosenki`, `tytul`, `dlugosc`, `id_zespolu`, `id_artysty`) VALUES (4, 'American Idiot', '00:02:57', 1, NULL);
INSERT INTO `mydb`.`Piosenki` (`id_piosenki`, `tytul`, `dlugosc`, `id_zespolu`, `id_artysty`) VALUES (5, 'Jesus of Suburbia', '00:09:07', 1, NULL);
INSERT INTO `mydb`.`Piosenki` (`id_piosenki`, `tytul`, `dlugosc`, `id_zespolu`, `id_artysty`) VALUES (6, 'Holiday', '00:03:52', 1, NULL);
INSERT INTO `mydb`.`Piosenki` (`id_piosenki`, `tytul`, `dlugosc`, `id_zespolu`, `id_artysty`) VALUES (7, 'Raz po raz', '00:03:55', 8, NULL);
INSERT INTO `mydb`.`Piosenki` (`id_piosenki`, `tytul`, `dlugosc`, `id_zespolu`, `id_artysty`) VALUES (8, 'Hej, Ty', '00:02:51', 8, NULL);
INSERT INTO `mydb`.`Piosenki` (`id_piosenki`, `tytul`, `dlugosc`, `id_zespolu`, `id_artysty`) VALUES (9, 'Nie pytaj', '00:04:38', 8, NULL);
INSERT INTO `mydb`.`Piosenki` (`id_piosenki`, `tytul`, `dlugosc`, `id_zespolu`, `id_artysty`) VALUES (10, 'Dolina klaunów', '00:04:42', 3, NULL);
INSERT INTO `mydb`.`Piosenki` (`id_piosenki`, `tytul`, `dlugosc`, `id_zespolu`, `id_artysty`) VALUES (11, 'Luksusowe Getto', '00:04:41', 3, NULL);
INSERT INTO `mydb`.`Piosenki` (`id_piosenki`, `tytul`, `dlugosc`, `id_zespolu`, `id_artysty`) VALUES (12, 'Nie jesteś jednym z nich', '00:06:11', 3, NULL);
INSERT INTO `mydb`.`Piosenki` (`id_piosenki`, `tytul`, `dlugosc`, `id_zespolu`, `id_artysty`) VALUES (13, 'G-Unit', '00:03:29', 4, NULL);
INSERT INTO `mydb`.`Piosenki` (`id_piosenki`, `tytul`, `dlugosc`, `id_zespolu`, `id_artysty`) VALUES (14, 'My Buddy', '00:03:44', 4, NULL);
INSERT INTO `mydb`.`Piosenki` (`id_piosenki`, `tytul`, `dlugosc`, `id_zespolu`, `id_artysty`) VALUES (15, 'I\'m So Hood', '00:02:26', 4, NULL);
INSERT INTO `mydb`.`Piosenki` (`id_piosenki`, `tytul`, `dlugosc`, `id_zespolu`, `id_artysty`) VALUES (16, 'Młode wilki', '00:03:13', 6, NULL);
INSERT INTO `mydb`.`Piosenki` (`id_piosenki`, `tytul`, `dlugosc`, `id_zespolu`, `id_artysty`) VALUES (17, 'Pamiętasz', '00:03:07', 6, NULL);
INSERT INTO `mydb`.`Piosenki` (`id_piosenki`, `tytul`, `dlugosc`, `id_zespolu`, `id_artysty`) VALUES (18, 'Chora miłość', '00:03:02', 6, NULL);
INSERT INTO `mydb`.`Piosenki` (`id_piosenki`, `tytul`, `dlugosc`, `id_zespolu`, `id_artysty`) VALUES (19, 'Twoja seksualność', '00:03:54', 6, NULL);
INSERT INTO `mydb`.`Piosenki` (`id_piosenki`, `tytul`, `dlugosc`, `id_zespolu`, `id_artysty`) VALUES (20, 'Chcę tam być', '00:03:06', 6, NULL);

COMMIT;


-- -----------------------------------------------------
-- Data for table `mydb`.`Wydawcy`
-- -----------------------------------------------------
START TRANSACTION;
USE `mydb`;
INSERT INTO `mydb`.`Wydawcy` (`id_wydawcy`, `nazwa`) VALUES (1, 'Fat Wreck Chords');
INSERT INTO `mydb`.`Wydawcy` (`id_wydawcy`, `nazwa`) VALUES (2, 'Reprise Records');
INSERT INTO `mydb`.`Wydawcy` (`id_wydawcy`, `nazwa`) VALUES (3, 'EMI Music Poland');
INSERT INTO `mydb`.`Wydawcy` (`id_wydawcy`, `nazwa`) VALUES (4, 'Labirynt Records');
INSERT INTO `mydb`.`Wydawcy` (`id_wydawcy`, `nazwa`) VALUES (5, 'G-Unit');
INSERT INTO `mydb`.`Wydawcy` (`id_wydawcy`, `nazwa`) VALUES (6, 'UMC Records');

COMMIT;


-- -----------------------------------------------------
-- Data for table `mydb`.`Albumy`
-- -----------------------------------------------------
START TRANSACTION;
USE `mydb`;
INSERT INTO `mydb`.`Albumy` (`id_albumu`, `nazwa`, `rok_wydania`, `id_wydawcy`, `cena`, `ilosc_na_stanie`, `ilosc_sprzedanych`, `kod_kreskowy`) VALUES (1, 'The Unraveling', 2001, 1, 29.99, 50, 15, '');
INSERT INTO `mydb`.`Albumy` (`id_albumu`, `nazwa`, `rok_wydania`, `id_wydawcy`, `cena`, `ilosc_na_stanie`, `ilosc_sprzedanych`, `kod_kreskowy`) VALUES (2, 'American Idiot', 2004, 2, 39.99, 40, 10, '');
INSERT INTO `mydb`.`Albumy` (`id_albumu`, `nazwa`, `rok_wydania`, `id_wydawcy`, `cena`, `ilosc_na_stanie`, `ilosc_sprzedanych`, `kod_kreskowy`) VALUES (3, 'XXX', 2010, 3, 34.99, 70, 26, '');
INSERT INTO `mydb`.`Albumy` (`id_albumu`, `nazwa`, `rok_wydania`, `id_wydawcy`, `cena`, `ilosc_na_stanie`, `ilosc_sprzedanych`, `kod_kreskowy`) VALUES (4, 'Dolina Klaunów', 2012, 4, 39.99, 35, 29, '');
INSERT INTO `mydb`.`Albumy` (`id_albumu`, `nazwa`, `rok_wydania`, `id_wydawcy`, `cena`, `ilosc_na_stanie`, `ilosc_sprzedanych`, `kod_kreskowy`) VALUES (5, 'Beg for Mercy', 2003, 5, 34.99, 20, 8, '');
INSERT INTO `mydb`.`Albumy` (`id_albumu`, `nazwa`, `rok_wydania`, `id_wydawcy`, `cena`, `ilosc_na_stanie`, `ilosc_sprzedanych`, `kod_kreskowy`) VALUES (6, 'Ósmy Marca', 2005, 6, 19.99, 200, 856, '');

COMMIT;


-- -----------------------------------------------------
-- Data for table `mydb`.`Piosenki_w_Albumach`
-- -----------------------------------------------------
START TRANSACTION;
USE `mydb`;
INSERT INTO `mydb`.`Piosenki_w_Albumach` (`id_albumu`, `id_piosenki`, `numer_sciezki`) VALUES (1, 1, 1);
INSERT INTO `mydb`.`Piosenki_w_Albumach` (`id_albumu`, `id_piosenki`, `numer_sciezki`) VALUES (1, 2, 2);
INSERT INTO `mydb`.`Piosenki_w_Albumach` (`id_albumu`, `id_piosenki`, `numer_sciezki`) VALUES (1, 3, 3);
INSERT INTO `mydb`.`Piosenki_w_Albumach` (`id_albumu`, `id_piosenki`, `numer_sciezki`) VALUES (2, 4, 1);
INSERT INTO `mydb`.`Piosenki_w_Albumach` (`id_albumu`, `id_piosenki`, `numer_sciezki`) VALUES (2, 5, 2);
INSERT INTO `mydb`.`Piosenki_w_Albumach` (`id_albumu`, `id_piosenki`, `numer_sciezki`) VALUES (2, 6, 3);
INSERT INTO `mydb`.`Piosenki_w_Albumach` (`id_albumu`, `id_piosenki`, `numer_sciezki`) VALUES (3, 7, 1);
INSERT INTO `mydb`.`Piosenki_w_Albumach` (`id_albumu`, `id_piosenki`, `numer_sciezki`) VALUES (3, 8, 2);
INSERT INTO `mydb`.`Piosenki_w_Albumach` (`id_albumu`, `id_piosenki`, `numer_sciezki`) VALUES (3, 9, 3);
INSERT INTO `mydb`.`Piosenki_w_Albumach` (`id_albumu`, `id_piosenki`, `numer_sciezki`) VALUES (4, 10, 1);
INSERT INTO `mydb`.`Piosenki_w_Albumach` (`id_albumu`, `id_piosenki`, `numer_sciezki`) VALUES (4, 11, 2);
INSERT INTO `mydb`.`Piosenki_w_Albumach` (`id_albumu`, `id_piosenki`, `numer_sciezki`) VALUES (4, 12, 3);
INSERT INTO `mydb`.`Piosenki_w_Albumach` (`id_albumu`, `id_piosenki`, `numer_sciezki`) VALUES (5, 13, 1);
INSERT INTO `mydb`.`Piosenki_w_Albumach` (`id_albumu`, `id_piosenki`, `numer_sciezki`) VALUES (5, 14, 2);
INSERT INTO `mydb`.`Piosenki_w_Albumach` (`id_albumu`, `id_piosenki`, `numer_sciezki`) VALUES (5, 15, 3);
INSERT INTO `mydb`.`Piosenki_w_Albumach` (`id_albumu`, `id_piosenki`, `numer_sciezki`) VALUES (6, 16, 1);
INSERT INTO `mydb`.`Piosenki_w_Albumach` (`id_albumu`, `id_piosenki`, `numer_sciezki`) VALUES (6, 17, 2);
INSERT INTO `mydb`.`Piosenki_w_Albumach` (`id_albumu`, `id_piosenki`, `numer_sciezki`) VALUES (6, 18, 3);
INSERT INTO `mydb`.`Piosenki_w_Albumach` (`id_albumu`, `id_piosenki`, `numer_sciezki`) VALUES (6, 19, 4);
INSERT INTO `mydb`.`Piosenki_w_Albumach` (`id_albumu`, `id_piosenki`, `numer_sciezki`) VALUES (6, 20, 5);

COMMIT;


-- -----------------------------------------------------
-- Data for table `mydb`.`Gatunki`
-- -----------------------------------------------------
START TRANSACTION;
USE `mydb`;
INSERT INTO `mydb`.`Gatunki` (`nazwa`) VALUES ('Rock alternatywny');
INSERT INTO `mydb`.`Gatunki` (`nazwa`) VALUES ('Hardcore punk');
INSERT INTO `mydb`.`Gatunki` (`nazwa`) VALUES ('Hip-Hop');
INSERT INTO `mydb`.`Gatunki` (`nazwa`) VALUES ('Pop');
INSERT INTO `mydb`.`Gatunki` (`nazwa`) VALUES ('Disco Polo');
INSERT INTO `mydb`.`Gatunki` (`nazwa`) VALUES ('Rock');
INSERT INTO `mydb`.`Gatunki` (`nazwa`) VALUES ('Punk');

COMMIT;


-- -----------------------------------------------------
-- Data for table `mydb`.`Gatunki_Albumow`
-- -----------------------------------------------------
START TRANSACTION;
USE `mydb`;
INSERT INTO `mydb`.`Gatunki_Albumow` (`nazwa_gatunku`, `id_albumu`) VALUES ('Punk', 1);
INSERT INTO `mydb`.`Gatunki_Albumow` (`nazwa_gatunku`, `id_albumu`) VALUES ('Rock', 2);
INSERT INTO `mydb`.`Gatunki_Albumow` (`nazwa_gatunku`, `id_albumu`) VALUES ('Rock', 3);
INSERT INTO `mydb`.`Gatunki_Albumow` (`nazwa_gatunku`, `id_albumu`) VALUES ('Hip-Hop', 4);
INSERT INTO `mydb`.`Gatunki_Albumow` (`nazwa_gatunku`, `id_albumu`) VALUES ('Hip-Hop', 5);
INSERT INTO `mydb`.`Gatunki_Albumow` (`nazwa_gatunku`, `id_albumu`) VALUES ('Pop', 6);

COMMIT;


-- -----------------------------------------------------
-- Data for table `mydb`.`Artysci_w_Zespolach`
-- -----------------------------------------------------
START TRANSACTION;
USE `mydb`;
INSERT INTO `mydb`.`Artysci_w_Zespolach` (`id_zespolu`, `id_artysty`) VALUES (1, 11);
INSERT INTO `mydb`.`Artysci_w_Zespolach` (`id_zespolu`, `id_artysty`) VALUES (1, 12);
INSERT INTO `mydb`.`Artysci_w_Zespolach` (`id_zespolu`, `id_artysty`) VALUES (2, 13);
INSERT INTO `mydb`.`Artysci_w_Zespolach` (`id_zespolu`, `id_artysty`) VALUES (2, 14);
INSERT INTO `mydb`.`Artysci_w_Zespolach` (`id_zespolu`, `id_artysty`) VALUES (3, 15);
INSERT INTO `mydb`.`Artysci_w_Zespolach` (`id_zespolu`, `id_artysty`) VALUES (3, 16);
INSERT INTO `mydb`.`Artysci_w_Zespolach` (`id_zespolu`, `id_artysty`) VALUES (3, 17);
INSERT INTO `mydb`.`Artysci_w_Zespolach` (`id_zespolu`, `id_artysty`) VALUES (4, 5);
INSERT INTO `mydb`.`Artysci_w_Zespolach` (`id_zespolu`, `id_artysty`) VALUES (4, 6);
INSERT INTO `mydb`.`Artysci_w_Zespolach` (`id_zespolu`, `id_artysty`) VALUES (5, 7);
INSERT INTO `mydb`.`Artysci_w_Zespolach` (`id_zespolu`, `id_artysty`) VALUES (5, 8);
INSERT INTO `mydb`.`Artysci_w_Zespolach` (`id_zespolu`, `id_artysty`) VALUES (6, 1);
INSERT INTO `mydb`.`Artysci_w_Zespolach` (`id_zespolu`, `id_artysty`) VALUES (6, 2);
INSERT INTO `mydb`.`Artysci_w_Zespolach` (`id_zespolu`, `id_artysty`) VALUES (7, 18);
INSERT INTO `mydb`.`Artysci_w_Zespolach` (`id_zespolu`, `id_artysty`) VALUES (7, 19);
INSERT INTO `mydb`.`Artysci_w_Zespolach` (`id_zespolu`, `id_artysty`) VALUES (8, 9);
INSERT INTO `mydb`.`Artysci_w_Zespolach` (`id_zespolu`, `id_artysty`) VALUES (8, 10);
INSERT INTO `mydb`.`Artysci_w_Zespolach` (`id_zespolu`, `id_artysty`) VALUES (9, 20);
INSERT INTO `mydb`.`Artysci_w_Zespolach` (`id_zespolu`, `id_artysty`) VALUES (9, 21);
INSERT INTO `mydb`.`Artysci_w_Zespolach` (`id_zespolu`, `id_artysty`) VALUES (10, 3);
INSERT INTO `mydb`.`Artysci_w_Zespolach` (`id_zespolu`, `id_artysty`) VALUES (10, 4);

COMMIT;


-- -----------------------------------------------------
-- Data for table `mydb`.`Zespoly_w_Albumach`
-- -----------------------------------------------------
START TRANSACTION;
USE `mydb`;
INSERT INTO `mydb`.`Zespoly_w_Albumach` (`id_zespolu`, `id_albumu`) VALUES (2, 1);
INSERT INTO `mydb`.`Zespoly_w_Albumach` (`id_zespolu`, `id_albumu`) VALUES (1, 2);
INSERT INTO `mydb`.`Zespoly_w_Albumach` (`id_zespolu`, `id_albumu`) VALUES (8, 3);
INSERT INTO `mydb`.`Zespoly_w_Albumach` (`id_zespolu`, `id_albumu`) VALUES (3, 4);
INSERT INTO `mydb`.`Zespoly_w_Albumach` (`id_zespolu`, `id_albumu`) VALUES (4, 5);
INSERT INTO `mydb`.`Zespoly_w_Albumach` (`id_zespolu`, `id_albumu`) VALUES (6, 6);

COMMIT;


-- -----------------------------------------------------
-- Data for table `mydb`.`Lokalizacje`
-- -----------------------------------------------------
START TRANSACTION;
USE `mydb`;
INSERT INTO `mydb`.`Lokalizacje` (`id_lokalizacji`, `nazwa_dzialu`, `symbol_polki`) VALUES (1, 'Rock', 'A1');
INSERT INTO `mydb`.`Lokalizacje` (`id_lokalizacji`, `nazwa_dzialu`, `symbol_polki`) VALUES (2, 'Pop', 'A2');
INSERT INTO `mydb`.`Lokalizacje` (`id_lokalizacji`, `nazwa_dzialu`, `symbol_polki`) VALUES (3, 'Disco Polo', 'A3');
INSERT INTO `mydb`.`Lokalizacje` (`id_lokalizacji`, `nazwa_dzialu`, `symbol_polki`) VALUES (4, 'Hip-hop Polska', 'A4');
INSERT INTO `mydb`.`Lokalizacje` (`id_lokalizacji`, `nazwa_dzialu`, `symbol_polki`) VALUES (5, 'Hip-hop USA', 'A5');
INSERT INTO `mydb`.`Lokalizacje` (`id_lokalizacji`, `nazwa_dzialu`, `symbol_polki`) VALUES (6, 'Punk', 'A6');

COMMIT;


-- -----------------------------------------------------
-- Data for table `mydb`.`Lokalizacje_Albumow`
-- -----------------------------------------------------
START TRANSACTION;
USE `mydb`;
INSERT INTO `mydb`.`Lokalizacje_Albumow` (`Lokalizacje_id_lokalizacji`, `Albumy_id_albumu`) VALUES (6, 1);
INSERT INTO `mydb`.`Lokalizacje_Albumow` (`Lokalizacje_id_lokalizacji`, `Albumy_id_albumu`) VALUES (1, 2);
INSERT INTO `mydb`.`Lokalizacje_Albumow` (`Lokalizacje_id_lokalizacji`, `Albumy_id_albumu`) VALUES (1, 3);
INSERT INTO `mydb`.`Lokalizacje_Albumow` (`Lokalizacje_id_lokalizacji`, `Albumy_id_albumu`) VALUES (4, 4);
INSERT INTO `mydb`.`Lokalizacje_Albumow` (`Lokalizacje_id_lokalizacji`, `Albumy_id_albumu`) VALUES (5, 5);
INSERT INTO `mydb`.`Lokalizacje_Albumow` (`Lokalizacje_id_lokalizacji`, `Albumy_id_albumu`) VALUES (2, 6);

COMMIT;

